keyword,base,exact,intent,hub,mark,city,target_url,priority,note
"12х18н10т",69904,3754,navigational,,aisi-321,,/list/aisi-321/,P0-anchor,"size:12х18"
"нержавеющая сталь",543769,3375,navigational,,,,/,P0-anchor,""
"aisi 304",60583,3239,navigational,,aisi-304,,/list/aisi-304/,P0-anchor,""
"дуплекс",55160,3130,navigational,,,,/,P0-anchor,""
"нержавейка",778539,2416,navigational,,,,/,P0-anchor,""
"гост 9941",11163,2000,informational,,,,/,P0-anchor,""
"aisi 430",14322,1308,navigational,,aisi-430,,/list/aisi-430/,P0-anchor,""
"нержавейка труба",66181,1277,navigational,truba,,,/truba/,P0-anchor,""
"лист нержавейки",28325,971,navigational,list,,,/list/,P0-anchor,""
"нержавеющая труба",70503,967,navigational,truba,,,/truba/,P0-anchor,""
"aisi 316",14766,963,navigational,,aisi-316l,,/list/aisi-316l/,P0-anchor,""
"нержавейка магнитится или нет",1416,883,informational,,,,/,P0-anchor,""
"aisi 321",6702,856,navigational,,aisi-321,,/list/aisi-321/,P0-anchor,""
"08х18н10",8711,845,navigational,,aisi-304,,/list/aisi-304/,P0-anchor,"size:08х18"
"12х18н10т аналог aisi",1242,838,informational,,aisi-321,,/list/aisi-321/,P0-anchor,"size:12х18"
"труба нержавеющая",64367,805,navigational,truba,,,/truba/,P0-anchor,""
"сталь 12х18н10т",17612,779,navigational,,aisi-321,,/list/aisi-321/,P0-anchor,"size:12х18"
"гост 5582",3248,719,informational,,,,/,P0-anchor,""
"гост 7350",2784,718,informational,,,,/,P0-anchor,""
"купить лист нержавейки",8620,693,commercial,list,,,/list/,P0-anchor,""
"лист нержавейки купить",8620,693,commercial,list,,,/list/,P0-anchor,""
"сталь 20х13",3643,641,navigational,,,,/,P0-anchor,"size:20х13"
"сталь 40х13",5031,608,navigational,,,,/,P0-anchor,"size:40х13"
"aisi 316l",6429,582,navigational,,aisi-316l,,/list/aisi-316l/,P0-anchor,""
"20х13",8333,573,navigational,,,,/,P0-anchor,"size:20х13"
"12х18н10т гост",16098,572,informational,,aisi-321,,/list/aisi-321/,P0-anchor,"size:12х18"
"40х13",9269,561,navigational,,,,/,P0-anchor,"size:40х13"
"aisi 201",4805,505,navigational,,aisi-201,,/list/aisi-201/,P0-anchor,""
"нержавейка лист",28967,503,navigational,list,,,/list/,P0-anchor,""
"лист нержавеющий",17223,416,navigational,list,,,/list/,P1-high,""
"12х18н10т аналог",2295,416,informational,,aisi-321,,/list/aisi-321/,P1-info,"size:12х18"
"сталь aisi 304",17133,404,navigational,,aisi-304,,/list/aisi-304/,P1-high,""
"20х23н18",2891,363,navigational,,,,/,P1-high,"size:20х23"
"нержавеющий лист",17523,363,navigational,list,,,/list/,P1-high,""
"электроды для нержавейки",3614,354,navigational,elektrody,,,/elektrody/,P1-high,""
"inox",81451,351,navigational,,,,/,P1-high,""
"aisi 304 аналог",2149,334,informational,,aisi-304,,/list/aisi-304/,P1-info,""
"пищевая нержавейка",6560,334,navigational,,,,/,P1-high,"topo"
"06хн28мдт",2057,331,navigational,,,,/,P1-high,""
"аустенитная сталь",5658,327,navigational,,,,/,P1-high,""
"инокс",11616,314,navigational,,,,/,P1-high,""
"труба из нержавейки",26191,313,navigational,truba,,,/truba/,P1-high,"topo"
"температура плавления нержавейки",586,313,informational,,,,/,P1-info,""
"плотность 12х18н10т",792,303,informational,,aisi-321,,/list/aisi-321/,P1-info,"size:12х18"
"нержавеющая сталь гост",8497,285,informational,,,,/,P1-info,""
"плотность нержавеющей стали",772,274,informational,,,,/,P1-info,""
"aisi 430 характеристики",780,267,informational,,aisi-430,,/list/aisi-430/,P1-info,""
"электроды для сварки нержавейки",1695,264,navigational,elektrody,,,/elektrody/,P1-high,""
"aisi 420",1648,262,navigational,,,,/,P1-high,""
"нержавеющая труба гост",4760,246,informational,truba,,,/truba/,P1-info,""
"нержавейка уголок",4392,223,navigational,ugolok,,,/ugolok-shveller/,P1-high,""
"полировка нержавейки",1797,216,navigational,,,,/,P1-high,""
"нержавеющая проволока",8313,216,navigational,provoloka,,,/provoloka/,P1-high,""
"aisi 304 характеристики",1013,215,informational,,aisi-304,,/list/aisi-304/,P1-info,""
"нержавейка цена",27862,214,commercial,,,,/,P1-high,""
"нержавеющая профильная труба",2741,214,navigational,truba,,,/truba/,P1-high,""
"труба профильная нержавеющая",2524,211,navigational,truba,,,/truba/,P1-high,""
"нержавейка купить",112475,209,commercial,,,,/,P1-high,""
"профильная нержавеющая труба",2656,208,navigational,truba,,,/truba/,P1-high,""
"нержавеющая труба купить",9142,207,commercial,truba,,,/truba/,P1-high,""
"нержавеющая лента",5171,206,navigational,lenta,,,/lenta/,P1-high,""
"лента нержавеющая",5009,203,navigational,lenta,,,/lenta/,P1-high,""
"12х18н10т труба",10549,201,navigational,truba,aisi-321,,/truba/aisi-321/,P1-high,"size:12х18"
"30х13",2937,199,navigational,,,,/,P1-high,"size:30х13"
"купить лист нержавеющий",3255,195,commercial,list,,,/list/,P1-high,""
"купить нержавеющий лист",3255,195,commercial,list,,,/list/,P1-high,""
"лист нержавеющий купить",3255,195,commercial,list,,,/list/,P1-high,""
"нержавеющий лист купить",3264,194,commercial,list,,,/list/,P1-high,""
"купить нержавейку",110566,190,commercial,,,,/,P1-high,""
"нержавейка 12х18н10т",1500,186,navigational,,aisi-321,,/list/aisi-321/,P1-high,"size:12х18"
"труба нержавеющая гост",3959,186,informational,truba,,,/truba/,P1-info,""
"проволока нержавеющая",8076,183,navigational,provoloka,,,/provoloka/,P1-high,""
"сталь aisi 430",4419,180,navigational,,aisi-430,,/list/aisi-430/,P1-high,""
"сталь 30х13",1212,178,navigational,,,,/,P1-high,"size:30х13"
"aisi 310s",1079,176,navigational,,,,/,P1-high,""
"08х18н10 гост",1405,173,informational,,aisi-304,,/list/aisi-304/,P1-info,"size:08х18"
"плотность нержавейки",478,171,informational,,,,/,P1-info,""
"aisi 316 аналог",909,170,informational,,aisi-316l,,/list/aisi-316l/,P1-info,""
"квадрат нержавеющий",1012,165,navigational,krug,,,/krug/,P1-high,""
"нержавеющий металлопрокат",2302,165,navigational,,,,/,P1-high,""
"труба нержавеющая купить",8476,165,commercial,truba,,,/truba/,P1-high,""
"металлопрокат нержавеющий",2242,162,navigational,,,,/,P1-high,""
"круг нержавеющий",3556,160,navigational,krug,,,/krug/,P1-high,""
"нержавеющий прокат",1479,160,navigational,,,,/,P1-high,""
"пруток нержавеющий",3235,154,navigational,krug,,,/krug/,P1-high,""
"нержавеющий пруток",3351,153,navigational,krug,,,/krug/,P1-high,""
"саморезы нержавеющие",4799,152,navigational,metizy,,,/metizy/,P1-high,""
"нержавеющая полоса",3061,151,navigational,polosa,,,/polosa/,P1-high,""
"aisi 304 труба",7031,145,navigational,truba,aisi-304,,/truba/aisi-304/,P1-high,""
"нержавейка aisi 304",2810,144,navigational,,aisi-304,,/list/aisi-304/,P1-high,""
"дуплексная сталь",864,144,navigational,,,,/,P1-high,""
"полоса нержавеющая",2828,141,navigational,polosa,,,/polosa/,P1-high,""
"уголок из нержавейки",1625,140,navigational,ugolok,,,/ugolok-shveller/,P1-high,""
"aisi 321 аналог",734,138,informational,,aisi-321,,/list/aisi-321/,P1-info,""
"бесшовная нержавеющая труба",4210,134,navigational,truba,,,/truba/,P1-high,""
"12х18н10т лист",3686,134,navigational,list,aisi-321,,/list/aisi-321/,P1-high,"size:12х18"
"нержавеющая сталь купить",42132,134,commercial,,,,/,P1-high,""
"сталь 08х18н10",2796,131,navigational,,aisi-304,,/list/aisi-304/,P1-high,"size:08х18"
"ограждения из нержавейки",1966,129,navigational,lestnicy,,,/lestnichnye-ograzhdeniya/,P1-high,"topo"
"aisi 304 лист",4026,126,navigational,list,aisi-304,,/list/aisi-304/,P1-high,""
"нержавеющий круг",3631,126,navigational,krug,,,/krug/,P1-high,""
"почему нержавейка магнитится",417,118,informational,,,,/,P1-info,"question"
"нержавеющий фланец",7108,118,navigational,detali,,,/detali-truboprovoda/,P1-high,""
"мартенситная сталь",2110,117,navigational,,,,/,P1-high,""
"сталь 12х13",646,117,navigational,,,,/,P1-high,"size:12х13"
"нержавеющий уголок",4713,116,navigational,ugolok,,,/ugolok-shveller/,P1-high,""
"aisi 904l",749,113,navigational,,,,/,P1-high,""
"квадрат нержавеющий купить",172,110,commercial,krug,,,/krug/,P1-high,""
"сталь aisi 316",3250,110,navigational,,aisi-316l,,/list/aisi-316l/,P1-high,""
"уголок нержавеющий",4180,109,navigational,ugolok,,,/ugolok-shveller/,P1-high,""
"труба нержавеющая aisi 304",2425,109,navigational,truba,aisi-304,,/truba/aisi-304/,P1-high,""
"отводы нержавеющие",6122,108,navigational,detali,,,/detali-truboprovoda/,P1-high,""
"12х13",2005,108,navigational,,,,/,P1-high,"size:12х13"
"нержавеющие отводы",6278,107,navigational,detali,,,/detali-truboprovoda/,P1-high,""
"нержавейка проволока",10043,102,navigational,provoloka,,,/provoloka/,P1-high,""
"нержавеющие фланцы",7118,102,navigational,detali,,,/detali-truboprovoda/,P1-high,""
"нержавейка цена за кг",4855,99,commercial,,,,/,P2-mid,""
"нержавеющий швеллер",720,98,navigational,ugolok,,,/ugolok-shveller/,P2-mid,""
"aisi 304 состав",333,96,informational,,aisi-304,,/list/aisi-304/,P2-info-mid,""
"20х13 гост",1005,94,informational,,,,/,P2-info-mid,"size:20х13"
"нержавеющий отвод",6278,92,navigational,detali,,,/detali-truboprovoda/,P2-mid,""
"aisi 304l",1390,90,navigational,,aisi-304,,/list/aisi-304/,P2-mid,""
"40х13 гост",752,90,informational,,,,/,P2-info-mid,"size:40х13"
"сталь aisi 201",1690,88,navigational,,aisi-201,,/list/aisi-201/,P2-mid,""
"12х18н10т характеристики",1065,86,informational,,aisi-321,,/list/aisi-321/,P2-info-mid,"size:12х18"
"aisi 316ti",891,81,navigational,,aisi-316l,,/list/aisi-316l/,P2-mid,""
"aisi 201 характеристики",303,81,informational,,aisi-201,,/list/aisi-201/,P2-info-mid,""
"aisi 410",457,80,navigational,,,,/,P2-mid,""
"лист нержавеющий 12х18н10т",485,77,navigational,list,aisi-321,,/list/aisi-321/,P2-mid,"size:12х18"
"что такое нержавеющая сталь",725,76,informational,,,,/,P2-info-mid,"question"
"aisi 316l аналог",571,76,informational,,aisi-316l,,/list/aisi-316l/,P2-info-mid,""
"нержавейка полоса",1724,74,navigational,polosa,,,/polosa/,P2-mid,""
"сталь 20х23н18",904,74,navigational,,,,/,P2-mid,"size:20х23"
"лист нержавеющий aisi 304 купить",322,73,commercial,list,aisi-304,,/list/aisi-304/,P2-mid,""
"12х18н10т круг",2209,70,navigational,krug,aisi-321,,/krug/aisi-321/,P2-mid,"size:12х18"
"40х13 лист",423,70,navigational,list,,,/list/,P2-mid,"size:40х13"
"нержавейка гост",3719,70,informational,,,,/,P2-info-mid,""
"нержавеющая шпилька",3040,70,navigational,metizy,,,/metizy/,P2-mid,""
"сталь aisi 420",692,69,navigational,,,,/,P2-mid,""
"плотность aisi 304",209,68,informational,,aisi-304,,/list/aisi-304/,P2-info-mid,""
"дуплекс купить",2202,66,commercial,,,,/,P2-mid,""
"шлифовка нержавейки",585,65,navigational,,,,/,P2-mid,""
"фланцы нержавеющие",6152,64,navigational,detali,,,/detali-truboprovoda/,P2-mid,""
"aisi 304 гост",1890,64,informational,,aisi-304,,/list/aisi-304/,P2-info-mid,""
"сталь aisi 321",1007,63,navigational,,aisi-321,,/list/aisi-321/,P2-mid,""
"полоса из нержавейки",593,63,navigational,polosa,,,/polosa/,P2-mid,"topo"
"12х18н10т состав",725,61,informational,,aisi-321,,/list/aisi-321/,P2-info-mid,"size:12х18"
"нержавейка aisi 430",936,60,navigational,,aisi-430,,/list/aisi-430/,P2-mid,""
"нержавеющая проволока купить",1211,60,commercial,provoloka,,,/provoloka/,P2-mid,""
"нержавеющая сталь цена",8373,60,commercial,,,,/,P2-mid,""
"aisi 430 аналог",454,59,informational,,aisi-430,,/list/aisi-430/,P2-info-mid,""
"08х18н10 аналог",371,59,informational,,aisi-304,,/list/aisi-304/,P2-info-mid,"size:08х18"
"aisi 321 характеристики",158,59,informational,,aisi-321,,/list/aisi-321/,P2-info-mid,""
"болты нержавеющие",6769,58,navigational,metizy,,,/metizy/,P2-mid,""
"жаропрочная нержавейка",598,57,navigational,,,,/,P2-mid,""
"швеллер нержавеющий",603,57,navigational,ugolok,,,/ugolok-shveller/,P2-mid,""
"перила нержавеющие",6180,56,navigational,lestnicy,,,/lestnichnye-ograzhdeniya/,P2-mid,""
"лист нержавейки цена",4525,56,commercial,list,,,/list/,P2-mid,""
"химический состав aisi 304",83,55,informational,,aisi-304,,/list/aisi-304/,P2-info-mid,""
"лист нержавеющий шлифованный",347,55,navigational,list,,,/list/,P2-mid,""
"круг нержавеющий 12х18н10т купить",95,55,commercial,krug,aisi-321,,/krug/aisi-321/,P2-mid,"size:12х18"
"нержавейка жаропрочная",578,54,navigational,,,,/,P2-mid,""
"метизы нержавеющие",572,54,navigational,metizy,,,/metizy/,P2-mid,""
"нержавеющий квадрат",809,53,navigational,krug,,,/krug/,P2-mid,""
"ферритная сталь",1297,52,navigational,,,,/,P2-mid,""
"лист из нержавейки",1940,52,navigational,list,,,/list/,P2-mid,"topo"
"проволока нержавеющая купить",1166,50,commercial,provoloka,,,/provoloka/,P2-mid,""
"сталь 06хн28мдт",522,50,navigational,,,,/,P2-mid,""
"виды нержавейки",938,49,informational,,,,/,P2-info-mid,""
"20х13 лист",400,48,navigational,list,,,/list/,P2-mid,"size:20х13"
"20х13 аналог",308,48,informational,,,,/,P2-info-mid,"size:20х13"
"отводы нержавеющие aisi 304",532,48,navigational,detali,aisi-304,,/detali-truboprovoda/aisi-304/,P2-mid,""
"проволока из нержавейки",728,46,navigational,provoloka,,,/provoloka/,P2-mid,"topo"
"круг нержавеющий гост",266,46,informational,krug,,,/krug/,P2-info-mid,""
"купить уголок нержавеющий",605,45,commercial,ugolok,,,/ugolok-shveller/,P2-mid,""
"aisi 304 купить",2756,44,commercial,,aisi-304,,/list/aisi-304/,P2-mid,""
"сварочная нержавеющая проволока",968,44,navigational,provoloka,,,/provoloka/,P2-mid,""
"твердость aisi 304",184,43,informational,,aisi-304,,/list/aisi-304/,P2-info-mid,""
"лист нержавеющий гост",693,42,informational,list,,,/list/,P2-info-mid,""
"40х13 аналог",333,42,informational,,,,/,P2-info-mid,"size:40х13"
"нержавеющий лист гост",723,42,informational,list,,,/list/,P2-info-mid,""
"aisi 321 труба",821,41,navigational,truba,aisi-321,,/truba/aisi-321/,P2-mid,""
"нержавеющая труба aisi 304",2452,40,navigational,truba,aisi-304,,/truba/aisi-304/,P2-mid,""
"aisi 316 труба",1054,40,navigational,truba,aisi-316l,,/truba/aisi-316l/,P2-mid,""
"труба квадратная нержавеющая",728,38,navigational,truba,,,/truba/,P2-mid,""
"нержавеющий болт",7494,38,navigational,metizy,,,/metizy/,P2-mid,""
"нержавеющая фольга",439,38,navigational,folga,,,/folga/,P2-mid,""
"03х17н14м2",192,37,navigational,,aisi-316l,,/list/aisi-316l/,P2-mid,"size:03х17"
"вес листа нержавейки",1004,36,informational,list,,,/list/,P2-info-mid,""
"удельный вес нержавейки",97,35,informational,,,,/kalkulyator-vesa/,P2-info-mid,""
"нержавейка 08х18н10",207,35,navigational,,aisi-304,,/list/aisi-304/,P2-mid,"size:08х18"
"лента нержавеющая купить",334,35,commercial,lenta,,,/lenta/,P2-mid,""
"полировка нержавеющей стали",1244,34,navigational,,,,/,P2-mid,""
"лист нержавеющий цена",798,33,commercial,list,,,/list/,P2-mid,""
"08х17",399,33,navigational,,aisi-430,,/list/aisi-430/,P2-mid,"size:08х17"
"шестигранник нержавеющий",1540,33,navigational,krug,,,/krug/,P2-mid,""
"полоса нержавеющая aisi 304",238,32,navigational,polosa,aisi-304,,/polosa/aisi-304/,P2-mid,""
"труба нержавеющая купить в екатеринбурге",111,32,commercial,truba,,v-ekaterinburge,/truba/v-ekaterinburge/,P2-mid,"topo"
"20х23н18 лист",259,32,navigational,list,,,/list/,P2-mid,"size:20х23"
"фольга нержавеющая",323,32,navigational,folga,,,/folga/,P2-mid,""
"40х13 круг",432,31,navigational,krug,,,/krug/,P2-mid,"size:40х13"
"aisi 201 аналог",134,31,informational,,aisi-201,,/list/aisi-201/,P2-info-mid,""
"30х13 гост",502,31,informational,,,,/,P2-info-mid,"size:30х13"
"сталь 40х13 купить",194,31,commercial,,,,/,P2-mid,"size:40х13"
"круг нержавеющий купить",384,31,commercial,krug,,,/krug/,P2-mid,""
"купить нержавеющий круг",384,31,commercial,krug,,,/krug/,P2-mid,""
"труба нержавеющая aisi 304 купить",179,31,commercial,truba,aisi-304,,/truba/aisi-304/,P2-mid,""
"купить круг нержавеющий",384,31,commercial,krug,,,/krug/,P2-mid,""
"лист нержавеющий зеркальный",525,31,navigational,list,,,/list/,P2-mid,""
"aisi 321 лист",402,30,navigational,list,aisi-321,,/list/aisi-321/,P2-mid,""
"декоративный нержавеющий лист",197,29,navigational,list,,,/list/,P3-tail,""
"08х18н10 труба",1144,28,navigational,truba,aisi-304,,/truba/aisi-304/,P3-tail,"size:08х18"
"отводы нержавеющие 12х18н10т",498,28,navigational,detali,aisi-321,,/detali-truboprovoda/aisi-321/,P3-tail,"size:12х18"
"aisi 430 лист",1532,28,navigational,list,aisi-430,,/list/aisi-430/,P3-tail,""
"лист нержавеющий матовый",423,28,navigational,list,,,/list/,P3-tail,""
"нержавеющий лист aisi 304",1582,27,navigational,list,aisi-304,,/list/aisi-304/,P3-tail,""
"сталь aisi 316l",1562,27,navigational,,aisi-316l,,/list/aisi-316l/,P3-tail,""
"нержавеющий лист цена",837,27,commercial,list,,,/list/,P3-tail,""
"12х18н10т купить",3536,27,commercial,,aisi-321,,/list/aisi-321/,P3-tail,"size:12х18"
"купить фланцы нержавеющие",509,27,commercial,detali,,,/detali-truboprovoda/,P3-tail,""
"расшифровка aisi 304",174,27,informational,,aisi-304,,/list/aisi-304/,P3-tail,""
"лист нержавейки 1мм",487,27,navigational,list,,,/list/,P3-tail,""
"нержавеющая труба 12х18н10т",2342,26,navigational,truba,aisi-321,,/truba/aisi-321/,P3-tail,"size:12х18"
"aisi 420 аналог",221,26,informational,,,,/,P3-tail,""
"лист нержавеющий aisi 304",1531,26,navigational,list,aisi-304,,/list/aisi-304/,P3-tail,""
"труба профильная нержавеющая купить",289,26,commercial,truba,,,/truba/,P3-tail,""
"труба нержавеющая 20х2",86,26,navigational,truba,,,/truba/,P3-tail,"size:20х2"
"лист нержавейки гост",282,26,informational,list,,,/list/,P3-tail,""
"20х23н18 аналог",264,26,informational,,,,/,P3-tail,"size:20х23"
"нержавеющие перила",6310,25,navigational,lestnicy,,,/lestnichnye-ograzhdeniya/,P3-tail,""
"нержавеющий металлопрокат купить",112,25,commercial,,,,/,P3-tail,""
"aisi 430 состав",81,25,informational,,aisi-430,,/list/aisi-430/,P3-tail,""
"нержавейка декоративная",961,25,navigational,,,,/,P3-tail,""
"труба профильная нержавеющая гост",100,25,informational,truba,,,/truba/,P3-tail,""
"лист нержавеющий 1 мм",666,24,navigational,list,,,/list/,P3-tail,""
"отводы нержавеющие купить",479,24,commercial,detali,,,/detali-truboprovoda/,P3-tail,""
"нержавейка круг",2957,24,navigational,krug,,,/krug/,P3-tail,""
"купить болты нержавеющие",804,24,commercial,metizy,,,/metizy/,P3-tail,""
"швеллер нержавеющий купить",66,23,commercial,ugolok,,,/ugolok-shveller/,P3-tail,""
"20х13 круг",538,23,navigational,krug,,,/krug/,P3-tail,"size:20х13"
"12х18н10т цена",2560,23,commercial,,aisi-321,,/list/aisi-321/,P3-tail,"size:12х18"
"труба профильная нержавеющая 20х20",76,23,navigational,truba,,,/truba/,P3-tail,"size:20х20"
"нержавеющие отводы купить",475,23,commercial,detali,,,/detali-truboprovoda/,P3-tail,""
"aisi 316l круг",161,23,navigational,krug,aisi-316l,,/krug/aisi-316l/,P3-tail,""
"30х13 аналог",96,23,informational,,,,/,P3-tail,"size:30х13"
"aisi 316 состав",129,22,informational,,aisi-316l,,/list/aisi-316l/,P3-tail,""
"электроды для нержавейки купить",365,22,commercial,elektrody,,,/elektrody/,P3-tail,""
"нержавеющие подшипники",1270,22,navigational,podshipniki,,,/podshipniki/,P3-tail,""
"труба нержавеющая купить в воронеже",56,22,commercial,truba,,v-voronezhe,/truba/v-voronezhe/,P3-tail,"topo"
"06хн28мдт труба",199,22,navigational,truba,,,/truba/,P3-tail,""
"нержавейка 20х13",239,22,navigational,,,,/,P3-tail,"size:20х13"
"резка нержавейки лазером",231,22,navigational,,,,/,P3-tail,""
"лист нержавеющий aisi 430",602,22,navigational,list,aisi-430,,/list/aisi-430/,P3-tail,""
"20х23н18 гост",268,22,informational,,,,/,P3-tail,"size:20х23"
"жаростойкая нержавейка",210,21,navigational,,,,/,P3-tail,""
"aisi 316 характеристики",175,21,informational,,aisi-316l,,/list/aisi-316l/,P3-tail,""
"40х13 купить",514,21,commercial,,,,/,P3-tail,"size:40х13"
"нержавейка 2 мм лист",2174,20,navigational,list,,,/list/,P3-tail,""
"06хн28мдт аналог",166,20,informational,,,,/,P3-tail,""
"сталь 12х18н10т купить",452,20,commercial,,aisi-321,,/list/aisi-321/,P3-tail,"size:12х18"
"калькулятор веса нержавейки",229,20,informational,,,,/kalkulyator-vesa/,P3-tail,""
"сталь дуплекс",178,20,navigational,,,,/,P3-tail,""
"лист нержавеющий 2 мм",644,20,navigational,list,,,/list/,P3-tail,""
"труба прямоугольная нержавеющая",321,20,navigational,truba,,,/truba/,P3-tail,""
"круг нержавеющий aisi 304",161,19,navigational,krug,aisi-304,,/krug/aisi-304/,P3-tail,""
"лист нержавеющий купить в челябинске",29,19,commercial,list,,v-chelyabinske,/list/v-chelyabinske/,P3-tail,"topo"
"aisi 321 состав",151,19,informational,,aisi-321,,/list/aisi-321/,P3-tail,""
"aisi 316 гост",271,19,informational,,aisi-316l,,/list/aisi-316l/,P3-tail,""
"подшипники нержавеющие",1242,19,navigational,podshipniki,,,/podshipniki/,P3-tail,""
"уголок нержавеющий купить",610,19,commercial,ugolok,,,/ugolok-shveller/,P3-tail,""
"труба нержавеющая 12х18н10т купить",168,18,commercial,truba,aisi-321,,/truba/aisi-321/,P3-tail,"size:12х18"
"нержавейка швеллер",409,18,navigational,ugolok,,,/ugolok-shveller/,P3-tail,""
"электроды нержавеющие",2532,18,navigational,elektrody,,,/elektrody/,P3-tail,""
"рулон нержавеющий",888,18,navigational,rulon,,,/rulon/,P3-tail,""
"лента из нержавейки",432,17,navigational,lenta,,,/lenta/,P3-tail,"topo"
"20х23н18 круг",213,17,navigational,krug,,,/krug/,P3-tail,"size:20х23"
"06хн28мдт круг",146,17,navigational,krug,,,/krug/,P3-tail,""
"кислотостойкая нержавейка",90,17,navigational,,,,/,P3-tail,""
"сталь aisi 410",181,17,navigational,,,,/,P3-tail,""
"20х23н18 характеристики",196,17,informational,,,,/,P3-tail,"size:20х23"
"винты нержавеющие",4880,17,navigational,metizy,,,/metizy/,P3-tail,""
"aisi 440",92,17,navigational,,,,/,P3-tail,""
"aisi 321 купить",374,17,commercial,,aisi-321,,/list/aisi-321/,P3-tail,""
"лист нержавейки 4мм",248,17,navigational,list,,,/list/,P3-tail,""
"труба нержавеющая купить челябинск",92,17,commercial,truba,,v-chelyabinske,/truba/v-chelyabinske/,P3-tail,"topo"
"нержавейка aisi 201",240,17,navigational,,aisi-201,,/list/aisi-201/,P3-tail,""
"12х13 гост",185,16,informational,,,,/,P3-tail,"size:12х13"
"труба нержавеющая купить в перми",57,16,commercial,truba,,v-perme,/truba/v-perme/,P3-tail,"topo"
"aisi 310s аналог",215,16,informational,,,,/,P3-tail,""
"труба нержавеющая 12х18н10т",2156,16,navigational,truba,aisi-321,,/truba/aisi-321/,P3-tail,"size:12х18"
"труба нержавеющая купить в москве",124,16,commercial,truba,,v-moskve,/truba/v-moskve/,P3-tail,"topo"
"фланцы нержавеющие купить",420,16,commercial,detali,,,/detali-truboprovoda/,P3-tail,""
"труба нержавеющая купить в красноярске",55,16,commercial,truba,,v-krasnoyarske,/truba/v-krasnoyarske/,P3-tail,"topo"
"aisi 304 это какая сталь",34,16,informational,,aisi-304,,/list/aisi-304/,P3-tail,"question"
"полоса нержавеющая купить",360,16,commercial,polosa,,,/polosa/,P3-tail,""
"08х18н10 характеристики",119,16,informational,,aisi-304,,/list/aisi-304/,P3-tail,"size:08х18"
"aisi 316l труба",783,15,navigational,truba,aisi-316l,,/truba/aisi-316l/,P3-tail,""
"труба нержавейки",64230,15,navigational,truba,,,/truba/,P3-tail,""
"20х23н18 купить",204,15,commercial,,,,/,P3-tail,"size:20х23"
"aisi 310s характеристики",73,15,informational,,,,/,P3-tail,""
"лист нержавейки 2мм",1041,15,navigational,list,,,/list/,P3-tail,""
"сталь 08х17",85,15,navigational,,aisi-430,,/list/aisi-430/,P3-tail,"size:08х17"
"aisi 316 лист",386,15,navigational,list,aisi-316l,,/list/aisi-316l/,P3-tail,""
"штрипс нержавеющий",139,15,navigational,polosa,,,/polosa/,P3-tail,""
"aisi 321 гост",336,15,informational,,aisi-321,,/list/aisi-321/,P3-tail,""
"aisi 316 купить",877,15,commercial,,aisi-316l,,/list/aisi-316l/,P3-tail,""
"aisi 316l состав",96,15,informational,,aisi-316l,,/list/aisi-316l/,P3-tail,""
"нержавейка 40х13",171,15,navigational,,,,/,P3-tail,"size:40х13"
"06хн28мдт гост",250,15,informational,,,,/,P3-tail,""
"купить электроды для нержавейки",361,14,commercial,elektrody,,,/elektrody/,P3-tail,""
"нержавейка для морской воды",34,14,navigational,,,,/,P3-tail,""
"пруток нержавеющий купить",529,14,commercial,krug,,,/krug/,P3-tail,""
"труба нержавеющая купить в новосибирске",87,14,commercial,truba,,v-novosibirske,/truba/v-novosibirske/,P3-tail,"topo"
"болты нержавеющие купить",811,14,commercial,metizy,,,/metizy/,P3-tail,""
"лист нержавеющий купить в екатеринбурге",74,14,commercial,list,,v-ekaterinburge,/list/v-ekaterinburge/,P3-tail,"topo"
"пруток нержавеющий 12мм",35,14,navigational,krug,,,/krug/,P3-tail,""
"40х13 характеристики",907,14,informational,,,,/,P3-tail,"size:40х13"
"aisi 304l аналог",109,13,informational,,aisi-304,,/list/aisi-304/,P3-tail,""
"aisi 316l купить",317,13,commercial,,aisi-316l,,/list/aisi-316l/,P3-tail,""
"aisi 316ti аналог",123,13,informational,,aisi-316l,,/list/aisi-316l/,P3-tail,""
"нержавейка для пищевой промышленности",78,13,navigational,,,,/,P3-tail,""
"лист нержавейки 3мм",499,13,navigational,list,,,/list/,P3-tail,""
"aisi 904l характеристики",14,13,informational,,,,/,P3-tail,""
"круг нержавеющий 12х18н10т",285,13,navigational,krug,aisi-321,,/krug/aisi-321/,P3-tail,"size:12х18"
"08х18н10 состав",102,13,informational,,aisi-304,,/list/aisi-304/,P3-tail,"size:08х18"
"гибка нержавейки",2372,13,navigational,,,,/,P3-tail,""
"20х13 купить",423,13,commercial,,,,/,P3-tail,"size:20х13"
"лист нержавейки 5мм",302,13,navigational,list,,,/list/,P3-tail,""
"проволока нержавеющая 12х18н10т",356,13,navigational,provoloka,aisi-321,,/provoloka/aisi-321/,P3-tail,"size:12х18"
"шайбы нержавеющие",3509,12,navigational,metizy,,,/metizy/,P3-tail,""
"лист нержавеющий купить в москве",48,12,commercial,list,,v-moskve,/list/v-moskve/,P3-tail,"topo"
"aisi 321 или 304",110,12,informational,,aisi-321,,/list/aisi-321/,P3-tail,""
"нержавейка в рулонах",159,12,navigational,rulon,,,/rulon/,P3-tail,"topo"
"нержавеющая труба цена",1496,12,commercial,truba,,,/truba/,P3-tail,""
"резка нержавейки",1720,12,navigational,,,,/,P3-tail,""
"12х13 аналог",54,12,informational,,,,/,P3-tail,"size:12х13"
"нержавейка цена за тонну",110,12,commercial,,,,/,P3-tail,""
"сталь 03х17н14м2",84,12,navigational,,aisi-316l,,/list/aisi-316l/,P3-tail,"size:03х17"
"нержавейка оптом",488,12,commercial,,,,/,P3-tail,""
"40х13 применение",50,11,informational,,,,/,P3-tail,"size:40х13"
"переходы нержавеющие",2341,11,navigational,detali,,,/detali-truboprovoda/,P3-tail,""
"отводы нержавеющие гост",573,11,informational,detali,,,/detali-truboprovoda/,P3-tail,""
"полоса нержавеющая гост",76,11,informational,polosa,,,/polosa/,P3-tail,""
"труба прямоугольная нержавеющая гост",37,11,informational,truba,,,/truba/,P3-tail,""
"aisi 904l аналог",130,11,informational,,,,/,P3-tail,""
"40х13 состав",100,10,informational,,,,/,P3-tail,"size:40х13"
"проволока нержавеющая гост",322,10,informational,provoloka,,,/provoloka/,P3-tail,""
"нержавейка aisi 316",380,10,navigational,,aisi-316l,,/list/aisi-316l/,P3-tail,""
"нержавейка фольга",210,10,navigational,folga,,,/folga/,P3-tail,""
"20х13 состав",125,10,informational,,,,/,P3-tail,"size:20х13"
"уголок нержавеющий гост",136,10,informational,ugolok,,,/ugolok-shveller/,P3-tail,""
"сталь aisi 316ti",184,10,navigational,,aisi-316l,,/list/aisi-316l/,P3-tail,""
"круг стальной нержавеющий",77,10,navigational,krug,,,/krug/,P3-tail,""
"06хн28мдт купить",132,10,commercial,,,,/,P3-tail,""
"труба нержавеющая купить в краснодаре",79,10,commercial,truba,,v-krasnodare,/truba/v-krasnodare/,P3-tail,"topo"
"шестигранник нержавеющий купить",110,10,commercial,krug,,,/krug/,P3-tail,""
"20х23н18 труба",249,9,navigational,truba,,,/truba/,P3-tail,"size:20х23"
"швеллер нержавеющий гост",49,9,informational,ugolok,,,/ugolok-shveller/,P3-tail,""
"08х18н10 круг",215,9,navigational,krug,aisi-304,,/krug/aisi-304/,P3-tail,"size:08х18"
"сталь aisi 904l",131,9,navigational,,,,/,P3-tail,""
"сталь aisi 310s",198,9,navigational,,,,/,P3-tail,""
"пруток нержавеющий гост",81,9,informational,krug,,,/krug/,P3-tail,""
"полоса нержавейки",1639,9,navigational,polosa,,,/polosa/,P3-tail,""
"супердуплекс",114,9,navigational,,,,/,P3-tail,""
"сталь 12х18н10т цена",331,9,commercial,,aisi-321,,/list/aisi-321/,P3-tail,"size:12х18"
"aisi 420 купить",78,9,commercial,,,,/,P3-tail,""
"сталь 40х13 цена",35,9,commercial,,,,/,P3-tail,"size:40х13"
"труба нержавеющая волгоград",85,9,navigational,truba,,v-volgograde,/truba/v-volgograde/,P3-tail,"topo"
"круг из нержавейки",252,8,navigational,krug,,,/krug/,P3-tail,"topo"
"болты нержавеющие гост",205,8,informational,metizy,,,/metizy/,P3-tail,""
"нержавейка морская",177,8,navigational,,,,/,P3-tail,""
"подшипник из нержавейки",167,8,navigational,podshipniki,,,/podshipniki/,P3-tail,"topo"
"aisi 410 аналог",62,8,informational,,,,/,P3-tail,""
"труба нержавеющая aisi 321 купить",43,8,commercial,truba,aisi-321,,/truba/aisi-321/,P3-tail,""
"нержавеющая сталь цена за кг",441,8,commercial,,,,/,P3-tail,""
"тройники нержавеющие",2961,8,navigational,detali,,,/detali-truboprovoda/,P3-tail,""
"рулонная нержавеющая сталь",195,8,navigational,rulon,,,/rulon/,P3-tail,""
"лист нержавеющий 3 мм",448,8,navigational,list,,,/list/,P3-tail,""
"нержавейка стоимость",2592,8,commercial,,,,/,P3-tail,""
"квадрат из нержавейки",222,8,navigational,krug,,,/krug/,P3-tail,"topo"
"пруток нержавеющий 16мм",20,8,navigational,krug,,,/krug/,P3-tail,""
"сталь 20х13 купить",110,8,commercial,,,,/,P3-tail,"size:20х13"
"06хн28мдт цена",47,8,commercial,,,,/,P3-tail,""
"aisi 316l гост",93,8,informational,,aisi-316l,,/list/aisi-316l/,P3-tail,""
"20х13 цена",163,8,commercial,,,,/,P3-tail,"size:20х13"
"лист нержавейки стоимость",227,7,commercial,list,,,/list/,P3-tail,""
"сталь aisi 440",28,7,navigational,,,,/,P3-tail,""
"труба нержавеющая купить в нижнем новгороде",63,7,commercial,truba,,v-nizhnem-novgorode,/truba/v-nizhnem-novgorode/,P3-tail,"topo"
"труба нержавеющая цена",1361,7,commercial,truba,,,/truba/,P3-tail,""
"aisi 310s купить",109,7,commercial,,,,/,P3-tail,""
"30х13 купить",128,7,commercial,,,,/,P3-tail,"size:30х13"
"aisi 321 цена",133,7,commercial,,aisi-321,,/list/aisi-321/,P3-tail,""
"нержавейка 20х23н18",20,7,navigational,,,,/,P3-tail,"size:20х23"
"труба нержавеющая купить воронеж",108,7,commercial,truba,,v-voronezhe,/truba/v-voronezhe/,P3-tail,"topo"
"лист нержавеющий 10 мм",87,7,navigational,list,,,/list/,P3-tail,""
"труба нержавеющая екатеринбург",297,7,navigational,truba,,v-ekaterinburge,/truba/v-ekaterinburge/,P3-tail,"topo"
"труба нержавеющая 57х3",73,7,navigational,truba,,,/truba/,P3-tail,"size:57х3"
"лист нержавейки 6мм",84,6,navigational,list,,,/list/,P3-tail,""
"медицинская нержавейка",663,6,navigational,,,,/,P3-tail,""
"aisi 430 гост",80,6,informational,,aisi-430,,/list/aisi-430/,P3-tail,""
"aisi 201 гост",72,6,informational,,aisi-201,,/list/aisi-201/,P3-tail,""
"марки нержавейки таблица",22,6,informational,,,,/,P3-tail,""
"купить ограждения из нержавейки",150,6,commercial,lestnicy,,,/lestnichnye-ograzhdeniya/,P3-tail,"topo"
"ограждения из нержавейки купить",148,6,commercial,lestnicy,,,/lestnichnye-ograzhdeniya/,P3-tail,"topo"
"лента нержавеющая гост",193,6,informational,lenta,,,/lenta/,P3-tail,""
"резка нержавейки лазером цена",16,6,commercial,,,,/,P3-tail,""
"уголок нержавейки",4275,6,navigational,ugolok,,,/ugolok-shveller/,P3-tail,""
"заглушки нержавеющие",2343,6,navigational,detali,,,/detali-truboprovoda/,P3-tail,""
"aisi 316 цена",241,6,commercial,,aisi-316l,,/list/aisi-316l/,P3-tail,""
"пруток нержавеющий 20мм",16,5,navigational,krug,,,/krug/,P3-tail,""
"12х18н10т применение",155,5,informational,,aisi-321,,/list/aisi-321/,P3-tail,"size:12х18"
"03х17н14м2 гост",43,5,informational,,aisi-316l,,/list/aisi-316l/,P3-tail,"size:03х17"
"классификация нержавейки",56,5,informational,,,,/,P3-tail,""
"сталь aisi 304 купить",735,5,commercial,,aisi-304,,/list/aisi-304/,P3-tail,""
"06хн28мдт состав",47,5,informational,,,,/,P3-tail,""
"aisi 420 состав",30,5,informational,,,,/,P3-tail,""
"сталь супердуплекс",27,5,navigational,,,,/,P3-tail,""
"aisi 430 цена",182,5,commercial,,aisi-430,,/list/aisi-430/,P3-tail,""
"нержавеющий листовой прокат",236,5,navigational,list,,,/list/,P3-tail,""
"лист нержавеющий 4 мм",234,5,navigational,list,,,/list/,P3-tail,""
"лист нержавеющий горячекатаный",216,5,navigational,list,,,/list/,P3-tail,""
"лист нержавеющий купить в перми",25,5,commercial,list,,v-perme,/list/v-perme/,P3-tail,"topo"
"магнитные свойства нержавейки",36,4,informational,,,,/,P4-zero,""
"труба нержавеющая купить в челябинске",32,4,commercial,truba,,v-chelyabinske,/truba/v-chelyabinske/,P4-zero,"topo"
"шестигранник нержавеющий гост",49,4,informational,krug,,,/krug/,P4-zero,""
"нержавеющая сталь цена за тонну",56,4,commercial,,,,/,P4-zero,""
"сталь aisi 304l",269,4,navigational,,aisi-304,,/list/aisi-304/,P4-zero,""
"сталь 20х13 цена",51,4,commercial,,,,/,P4-zero,"size:20х13"
"лист нержавеющий 5 мм",496,4,navigational,list,,,/list/,P4-zero,""
"aisi 430 применение",246,4,informational,,aisi-430,,/list/aisi-430/,P4-zero,""
"нержавейка для котлов",1260,4,navigational,,,,/,P4-zero,""
"06хн28мдт лист",63,3,navigational,list,,,/list/,P4-zero,""
"предел прочности нержавейки",35,3,informational,,,,/,P4-zero,""
"нержавейка для сварки",6549,3,navigational,,,,/,P4-zero,""
"труба нержавеющая 38х2",23,3,navigational,truba,,,/truba/,P4-zero,"size:38х2"
"труба нержавеющая 25х2",68,3,navigational,truba,,,/truba/,P4-zero,"size:25х2"
"aisi 310s цена",9,3,commercial,,,,/,P4-zero,""
"aisi 201 лист",124,3,navigational,list,aisi-201,,/list/aisi-201/,P4-zero,""
"труба нержавеющая купить нижний новгород",96,3,commercial,truba,,v-nizhnem-novgorode,/truba/v-nizhnem-novgorode/,P4-zero,"topo"
"aisi 201 применение",163,3,informational,,aisi-201,,/list/aisi-201/,P4-zero,""
"20х13 характеристики",285,3,informational,,,,/,P4-zero,"size:20х13"
"aisi 410 характеристики",38,2,informational,,,,/,P4-zero,""
"aisi 201 купить",106,2,commercial,,aisi-201,,/list/aisi-201/,P4-zero,""
"труба нержавеющая aisi 321",130,2,navigational,truba,aisi-321,,/truba/aisi-321/,P4-zero,""
"шпильки нержавеющие",2743,2,navigational,metizy,,,/metizy/,P4-zero,""
"aisi 201 состав",52,2,informational,,aisi-201,,/list/aisi-201/,P4-zero,""
"труба нержавеющая 32х2",24,2,navigational,truba,,,/truba/,P4-zero,"size:32х2"
"дуплекс цена",760,2,commercial,,,,/,P4-zero,""
"40х13 цена",118,2,commercial,,,,/,P4-zero,"size:40х13"
"сталь 30х13 купить",31,2,commercial,,,,/,P4-zero,"size:30х13"
"ограждения из нержавейки цена",56,2,commercial,lestnicy,,,/lestnichnye-ograzhdeniya/,P4-zero,"topo"
"фланцы нержавеющие гост",450,2,informational,detali,,,/detali-truboprovoda/,P4-zero,""
"лист нержавеющий купить в нижнем новгороде",8,2,commercial,list,,v-nizhnem-novgorode,/list/v-nizhnem-novgorode/,P4-zero,"topo"
"20х23н18 цена",87,2,commercial,,,,/,P4-zero,"size:20х23"
"06хн28мдт характеристики",28,2,informational,,,,/,P4-zero,""
"aisi 304 применение",267,2,informational,,aisi-304,,/list/aisi-304/,P4-zero,""
"пруток нержавеющий 6мм",66,2,navigational,krug,,,/krug/,P4-zero,""
"фольга нержавеющая купить",38,2,commercial,folga,,,/folga/,P4-zero,""
"проволока нержавеющая aisi 321",42,2,navigational,provoloka,aisi-321,,/provoloka/aisi-321/,P4-zero,""
"лист нержавеющий 12х18н10т купить",30,2,commercial,list,aisi-321,,/list/aisi-321/,P4-zero,"size:12х18"
"поставка нержавеющего металлопроката",74,2,navigational,,,,/,P4-zero,""
"aisi 904l купить",36,1,commercial,,,,/,P4-zero,""
"сталь aisi 304 цена",286,1,commercial,,aisi-304,,/list/aisi-304/,P4-zero,""
"08х18н10 цена",196,1,commercial,,aisi-304,,/list/aisi-304/,P4-zero,"size:08х18"
"труба нержавейки купить",13710,1,commercial,truba,,,/truba/,P4-zero,""
"нержавейка aisi 310s",34,1,navigational,,,,/,P4-zero,""
"лист нержавеющий aisi 201",43,1,navigational,list,aisi-201,,/list/aisi-201/,P4-zero,""
"aisi 309s",35,1,navigational,,,,/,P4-zero,""
"рулон нержавейки",334,0,navigational,rulon,,,/rulon/,P4-zero,""
"лист нержавеющий 20х13",15,0,navigational,list,,,/list/,P4-zero,"size:20х13"
"труба нержавеющая спб",493,0,navigational,truba,,v-sankt-peterburge,/truba/v-sankt-peterburge/,P4-zero,""
"круг нержавеющий 80 мм",97,0,navigational,krug,,,/krug/,P4-zero,""
