Запрос;Базовая частотность;Точная частотность;Очень точная частотность;Количество слов в запросе;Количество объявлений;Документов найдено;Средняя цена клика;Является топонимом;Является вопросом;Дата выдачи;
"12х18н10т";69904;3754;3754;1;2;5000;43;0;0;"16.05.2026"
"нержавеющая сталь";543769;3375;3242;2;0;5000;42;0;0;"16.05.2026"
"aisi 304";60583;3239;3227;2;2;5000;23;0;0;"16.05.2026"
"дуплекс";55160;3130;3130;1;0;9000000;64;0;0;"16.05.2026"
"нержавейка";778539;2416;2416;1;0;7000;51;0;0;"16.05.2026"
"гост 9941";11163;2000;1920;2;0;41000;14;0;0;"16.05.2026"
"aisi 430";14322;1308;1288;2;0;5000;20;0;0;"16.05.2026"
"нержавейка труба";66181;1277;164;2;1;15000;65;0;0;"08.05.2026"
"лист нержавейки";28325;971;966;2;0;13000;39;0;0;"16.05.2026"
"нержавеющая труба";70503;967;270;2;0;12000;82;0;0;"16.05.2026"
"aisi 316";14766;963;951;2;1;7000;30;0;0;"16.05.2026"
"нержавейка магнитится или нет";1416;883;845;4;2;17000;10;0;0;"16.05.2026"
"aisi 321";6702;856;848;2;2;7000;20;0;0;"16.05.2026"
"08х18н10";8711;845;845;1;0;23000000;29;0;0;"16.05.2026"
"12х18н10т аналог aisi";1242;838;834;3;0;8000;16;0;0;"16.05.2026"
"труба нержавеющая";64367;805;553;2;0;10000;75;0;0;"16.05.2026"
"сталь 12х18н10т";17612;779;702;2;1;5000;17;0;0;"16.05.2026"
"гост 5582";3248;719;693;2;0;35000;0;0;0;"16.05.2026"
"гост 7350";2784;718;699;2;0;38000;2;0;0;"16.05.2026"
"купить лист нержавейки";8620;693;322;3;0;14000000;45;0;0;"16.05.2026"
"лист нержавейки купить";8620;693;362;3;0;16000;45;0;0;"16.05.2026"
"сталь 20х13";3643;641;381;2;0;6000;12;0;0;"16.05.2026"
"сталь 40х13";5031;608;443;2;3;6000;9;0;0;"16.05.2026"
"aisi 316l";6429;582;582;2;0;8000;36;0;0;"16.05.2026"
"20х13";8333;573;573;1;1;5000;29;0;0;"16.05.2026"
"12х18н10т гост";16098;572;530;2;1;3000000;17;0;0;"16.05.2026"
"40х13";9269;561;561;1;1;5000;20;0;0;"16.05.2026"
"aisi 201";4805;505;500;2;0;7000;18;0;0;"16.05.2026"
"нержавейка лист";28967;503;379;2;2;12000;39;0;0;"16.05.2026"
"лист нержавеющий";17223;416;273;2;2;9000000;63;0;0;"28.04.2026"
"12х18н10т аналог";2295;416;366;2;0;6000;24;0;0;"16.05.2026"
"сталь aisi 304";17133;404;380;3;0;6000;13;0;0;"16.05.2026"
"20х23н18";2891;363;363;1;0;7000;45;0;0;"16.05.2026"
"нержавеющий лист";17523;363;110;2;2;9000000;60;0;0;"05.05.2026"
"электроды для нержавейки";3614;354;354;3;5;4000;13;0;0;"16.05.2026"
"inox";81451;351;351;1;1;7000;11;0;0;"16.05.2026"
"aisi 304 аналог";2149;334;281;3;0;6000;10;0;0;"16.05.2026"
"пищевая нержавейка";6560;334;273;2;0;6000000;20;1;0;"16.05.2026"
"06хн28мдт";2057;331;331;1;0;8000;79;0;0;"16.05.2026"
"аустенитная сталь";5658;327;320;2;0;1000000;14;0;0;"16.05.2026"
"инокс";11616;314;314;1;1;516000;28;0;0;"04.05.2026"
"труба из нержавейки";26191;313;313;3;0;8000000;44;1;0;"16.05.2026"
"температура плавления нержавейки";586;313;313;3;0;145000;4;0;0;"16.05.2026"
"плотность 12х18н10т";792;303;183;2;1;3000000;10;0;0;"05.05.2026"
"нержавеющая сталь гост";8497;285;149;3;0;1000000;17;0;0;"16.05.2026"
"плотность нержавеющей стали";772;274;265;3;2;1000000;13;0;0;"16.05.2026"
"aisi 430 характеристики";780;267;265;3;1;5000;8;0;0;"16.05.2026"
"электроды для сварки нержавейки";1695;264;264;4;2;6000;14;0;0;"02.05.2026"
"aisi 420";1648;262;260;2;0;6000000;14;0;0;"16.05.2026"
"нержавеющая труба гост";4760;246;22;3;0;902000;22;0;0;"12.04.2026"
"нержавейка уголок";4392;223;12;2;1;947000;37;0;0;"21.02.2026"
"полировка нержавейки";1797;216;216;2;4;908000;28;0;0;"16.05.2026"
"нержавеющая проволока";8313;216;79;2;1;7000000;46;0;0;"04.04.2026"
"aisi 304 характеристики";1013;215;214;3;1;6000;5;0;0;"16.05.2026"
"нержавейка цена";27862;214;202;2;0;11000000;23;0;0;"18.05.2026"
"нержавеющая профильная труба";2741;214;18;3;4;21000;64;0;0;"01.05.2026"
"труба профильная нержавеющая";2524;211;115;3;1;22000;55;0;0;"13.04.2026"
"нержавейка купить";112475;209;204;2;0;16000;48;0;0;"16.05.2026"
"профильная нержавеющая труба";2656;208;30;3;4;19000;65;0;0;"08.05.2026"
"нержавеющая труба купить";9142;207;85;3;2;0;75;0;0;"08.05.2026"
"нержавеющая лента";5171;206;44;2;0;14000;131;0;0;"20.05.2026"
"лента нержавеющая";5009;203;161;2;4;8000000;143;0;0;"10.03.2026"
"12х18н10т труба";10549;201;37;2;5;16000;97;0;0;"28.04.2026"
"30х13";2937;199;199;1;1;7000;17;0;0;"16.05.2026"
"купить лист нержавеющий";3255;195;27;3;0;7000000;70;0;0;"22.02.2026"
"купить нержавеющий лист";3255;195;46;3;0;17000;70;0;0;"17.05.2026"
"лист нержавеющий купить";3255;195;64;3;0;16000;70;0;0;"08.04.2026"
"нержавеющий лист купить";3264;194;56;3;5;17000;71;0;0;"11.04.2026"
"купить нержавейку";110566;190;184;2;3;12000000;60;0;0;"06.04.2026"
"нержавейка 12х18н10т";1500;186;139;2;1;11000;49;0;0;"07.05.2026"
"труба нержавеющая гост";3959;186;147;3;2;568000;24;0;0;"06.05.2026"
"проволока нержавеющая";8076;183;132;2;0;13000;42;0;0;"07.05.2026"
"сталь aisi 430";4419;180;164;3;1;8000000;12;0;0;"16.05.2026"
"сталь 30х13";1212;178;145;2;3;7000;12;0;0;"02.05.2026"
"aisi 310s";1079;176;175;2;0;12000;20;0;0;"16.05.2026"
"08х18н10 гост";1405;173;160;2;1;3000000;14;0;0;"17.05.2026"
"плотность нержавейки";478;171;171;2;0;42000;6;0;0;"06.04.2026"
"aisi 316 аналог";909;170;120;3;0;7000;14;0;0;"12.04.2026"
"квадрат нержавеющий";1012;165;162;2;1;8000000;67;0;0;"24.02.2026"
"нержавеющий металлопрокат";2302;165;159;2;5;0;123;0;0;"03.05.2026"
"труба нержавеющая купить";8476;165;95;3;10;15000000;75;0;0;"07.05.2026"
"металлопрокат нержавеющий";2242;162;4;2;2;900000;126;0;0;"09.02.2026"
"круг нержавеющий";3556;160;150;2;1;8000000;84;0;0;"24.02.2026"
"нержавеющий прокат";1479;160;157;2;1;13000;107;0;0;"07.05.2026"
"пруток нержавеющий";3235;154;145;2;2;14000;51;0;0;"05.05.2026"
"нержавеющий пруток";3351;153;10;2;0;893000;52;0;0;"09.03.2026"
"саморезы нержавеющие";4799;152;82;2;6;17000;29;0;0;"28.04.2026"
"нержавеющая полоса";3061;151;13;2;0;16000;43;0;0;"18.05.2026"
"aisi 304 труба";7031;145;30;3;0;2000000;74;0;0;"23.02.2026"
"нержавейка aisi 304";2810;144;134;3;1;8000;33;0;0;"06.04.2026"
"дуплексная сталь";864;144;143;2;0;2000000;19;0;0;"02.05.2026"
"полоса нержавеющая";2828;141;126;2;2;11000;44;0;0;"06.04.2026"
"уголок из нержавейки";1625;140;140;3;2;7000000;29;0;0;"16.04.2026"
"aisi 321 аналог";734;138;120;3;1;8000;5;0;0;"16.05.2026"
"бесшовная нержавеющая труба";4210;134;8;3;2;8000000;114;0;0;"02.05.2026"
"12х18н10т лист";3686;134;19;2;1;23000000;55;0;0;"17.05.2026"
"нержавеющая сталь купить";42132;134;122;3;3;18000;33;0;0;"04.05.2026"
"сталь 08х18н10";2796;131;114;2;5;5000;13;0;0;"28.04.2026"
"ограждения из нержавейки";1966;129;129;3;14;7000000;199;1;0;"30.04.2026"
"aisi 304 лист";4026;126;11;3;0;19000;53;0;0;"07.05.2026"
"нержавеющий круг";3631;126;9;2;1;7000000;82;0;0;"29.04.2026"
"почему нержавейка магнитится";417;118;61;3;0;587000;3;0;1;"23.02.2026"
"нержавеющий фланец";7108;118;12;2;2;7000000;120;0;0;"28.04.2026"
"мартенситная сталь";2110;117;116;2;0;2000000;7;0;0;"11.04.2026"
"сталь 12х13";646;117;57;2;3;3000000;7;0;0;"14.02.2026"
"нержавеющий уголок";4713;116;16;2;1;8000000;35;0;0;"01.05.2026"
"aisi 904l";749;113;113;2;2;919000;44;0;0;"28.04.2026"
"квадрат нержавеющий купить";172;110;108;3;0;20000;48;0;0;"01.05.2026"
"сталь aisi 316";3250;110;94;3;1;8000;15;0;0;"09.04.2026"
"уголок нержавеющий";4180;109;90;2;1;6000;42;0;0;"06.04.2026"
"труба нержавеющая aisi 304";2425;109;83;4;0;14000;66;0;0;"12.04.2026"
"отводы нержавеющие";6122;108;63;2;2;7000000;138;0;0;"18.02.2026"
"12х13";2005;108;108;1;2;19000000;14;0;0;"21.02.2026"
"нержавеющие отводы";6278;107;43;2;0;18000;120;0;0;"18.05.2026"
"нержавейка проволока";10043;102;11;2;2;18000;25;0;0;"01.05.2026"
"нержавеющие фланцы";7118;102;10;2;6;22000;177;0;0;"05.04.2026"
"нержавейка цена за кг";4855;99;89;4;0;20000;9;0;0;"11.04.2026"
"нержавеющий швеллер";720;98;6;2;2;15000;46;0;0;"04.04.2026"
"aisi 304 состав";333;96;82;3;0;5000;6;0;0;"08.05.2026"
"20х13 гост";1005;94;84;2;0;2000000;2;0;0;"03.05.2026"
"нержавеющий отвод";6278;92;7;2;1;17000;84;0;0;"11.04.2026"
"aisi 304l";1390;90;90;2;0;9000;22;0;0;"18.05.2026"
"40х13 гост";752;90;79;2;1;2000000;7;0;0;"30.04.2026"
"сталь aisi 201";1690;88;64;3;1;8000;7;0;0;"30.04.2026"
"12х18н10т характеристики";1065;86;86;2;1;3000000;5;0;0;"09.03.2026"
"aisi 316ti";891;81;80;2;2;9000;16;0;0;"08.05.2026"
"aisi 201 характеристики";303;81;80;3;2;3000;3;0;0;"04.05.2026"
"aisi 410";457;80;79;2;2;0;14;0;0;"03.04.2026"
"лист нержавеющий 12х18н10т";485;77;10;3;4;24000000;78;0;0;"03.05.2026"
"что такое нержавеющая сталь";725;76;75;4;0;1000000;2;0;1;"08.05.2026"
"aisi 316l аналог";571;76;59;3;0;9000;13;0;0;"03.05.2026"
"нержавейка полоса";1724;74;19;2;3;14000;15;0;0;"24.02.2026"
"сталь 20х23н18";904;74;63;2;5;23000000;16;0;0;"10.03.2026"
"лист нержавеющий aisi 304 купить";322;73;67;5;5;16000000;110;0;0;"03.05.2026"
"12х18н10т круг";2209;70;11;2;4;23000000;129;0;0;"07.05.2026"
"40х13 лист";423;70;8;2;5;12000;57;0;0;"15.04.2026"
"нержавейка гост";3719;70;61;2;0;55000;4;0;0;"08.05.2026"
"нержавеющая шпилька";3040;70;4;2;2;21000;21;0;0;"06.05.2026"
"сталь aisi 420";692;69;60;3;1;9000000;5;0;0;"12.02.2026"
"плотность aisi 304";209;68;40;3;0;162000;4;0;0;"10.03.2026"
"дуплекс купить";2202;66;20;2;2;1000000;62;0;0;"09.03.2026"
"шлифовка нержавейки";585;65;65;2;3;1000000;50;0;0;"10.04.2026"
"фланцы нержавеющие";6152;64;53;2;5;6000000;100;0;0;"14.02.2026"
"aisi 304 гост";1890;64;61;3;1;1000000;6;0;0;"20.05.2026"
"сталь aisi 321";1007;63;56;3;1;8000;7;0;0;"08.05.2026"
"полоса из нержавейки";593;63;63;3;2;12000;23;1;0;"10.04.2026"
"12х18н10т состав";725;61;52;2;0;3000000;7;0;0;"20.05.2026"
"нержавейка aisi 430";936;60;39;3;0;1000000;17;0;0;"21.02.2026"
"нержавеющая проволока купить";1211;60;8;3;1;14000;51;0;0;"13.04.2026"
"нержавеющая сталь цена";8373;60;56;3;6;14000;20;0;0;"20.04.2026"
"aisi 430 аналог";454;59;46;3;0;921000;6;0;0;"23.02.2026"
"08х18н10 аналог";371;59;55;2;1;3000000;6;0;0;"16.02.2026"
"aisi 321 характеристики";158;59;59;3;4;5000;6;0;0;"01.05.2026"
"болты нержавеющие";6769;58;17;2;5;18000;24;0;0;"12.04.2026"
"жаропрочная нержавейка";598;57;51;2;1;14000;22;0;0;"05.04.2026"
"швеллер нержавеющий";603;57;51;2;2;17000;48;0;0;"28.04.2026"
"перила нержавеющие";6180;56;11;2;2;2000000;74;0;0;"12.03.2026"
"лист нержавейки цена";4525;56;53;3;4;0;15;0;0;"10.04.2026"
"химический состав aisi 304";83;55;7;4;0;362000;9;0;0;"03.05.2026"
"лист нержавеющий шлифованный";347;55;41;3;3;16000;31;0;0;"20.05.2026"
"круг нержавеющий 12х18н10т купить";95;55;29;4;0;3000000;132;0;0;"10.02.2026"
"нержавейка жаропрочная";578;54;13;2;2;18000;25;0;0;"26.03.2026"
"метизы нержавеющие";572;54;26;2;0;18000;68;0;0;"23.04.2026"
"нержавеющий квадрат";809;53;3;2;1;17000;68;0;0;"29.04.2026"
"ферритная сталь";1297;52;50;2;1;2000000;3;0;0;"13.02.2026"
"лист из нержавейки";1940;52;52;3;3;19000;24;1;0;"18.05.2026"
"проволока нержавеющая купить";1166;50;36;3;1;19000;52;0;0;"11.04.2026"
"сталь 06хн28мдт";522;50;46;2;3;5000;57;0;0;"20.05.2026"
"виды нержавейки";938;49;49;2;0;626000;4;0;0;"05.04.2026"
"20х13 лист";400;48;8;2;2;19000000;61;0;0;"03.05.2026"
"20х13 аналог";308;48;37;2;2;6000;6;0;0;"11.04.2026"
"отводы нержавеющие aisi 304";532;48;46;4;6;15000;133;0;0;"05.05.2026"
"проволока из нержавейки";728;46;46;3;1;936000;29;1;0;"18.02.2026"
"круг нержавеющий гост";266;46;34;3;0;818000;10;0;0;"23.02.2026"
"купить уголок нержавеющий";605;45;2;3;3;20000;43;0;0;"17.05.2026"
"aisi 304 купить";2756;44;38;3;0;15000;64;0;0;"18.05.2026"
"сварочная нержавеющая проволока";968;44;4;3;1;8000000;17;0;0;"05.05.2026"
"твердость aisi 304";184;43;13;3;1;32000;2;0;0;"24.02.2026"
"лист нержавеющий гост";693;42;28;3;1;1000000;22;0;0;"18.02.2026"
"40х13 аналог";333;42;28;2;0;7000;2;0;0;"08.05.2026"
"нержавеющий лист гост";723;42;3;3;1;1000000;21;0;0;"30.04.2026"
"aisi 321 труба";821;41;25;3;7;15000;40;0;0;"25.03.2026"
"нержавеющая труба aisi 304";2452;40;1;4;2;14000;96;0;0;"09.04.2026"
"aisi 316 труба";1054;40;4;3;0;14000;82;0;0;"20.05.2026"
"труба квадратная нержавеющая";728;38;26;3;1;9000000;29;0;0;"07.05.2026"
"нержавеющий болт";7494;38;5;2;6;21000;22;0;0;"29.04.2026"
"нержавеющая фольга";439;38;13;2;1;21000;49;0;0;"14.04.2026"
"03х17н14м2";192;37;37;1;1;26000000;11;0;0;"21.02.2026"
"вес листа нержавейки";1004;36;36;3;3;6000;8;0;0;"02.05.2026"
"удельный вес нержавейки";97;35;35;3;0;200000;1;0;0;"17.02.2026"
"нержавейка 08х18н10";207;35;14;2;2;6000;15;0;0;"20.05.2026"
"лента нержавеющая купить";334;35;19;3;1;19000;76;0;0;"05.05.2026"
"полировка нержавеющей стали";1244;34;34;3;1;2000000;56;0;0;"17.02.2026"
"лист нержавеющий цена";798;33;9;3;0;15000000;28;0;0;"23.02.2026"
"08х17";399;33;33;1;1;11000;10;0;0;"17.05.2026"
"шестигранник нержавеющий";1540;33;32;2;1;7000000;27;0;0;"23.03.2026"
"полоса нержавеющая aisi 304";238;32;32;4;1;14000;57;0;0;"07.05.2026"
"труба нержавеющая купить в екатеринбурге";111;32;31;5;1;10000;65;1;0;"03.05.2026"
"20х23н18 лист";259;32;7;2;0;14000;52;0;0;"07.05.2026"
"фольга нержавеющая";323;32;22;2;0;19000;36;0;0;"25.04.2026"
"40х13 круг";432;31;2;2;1;3000000;67;0;0;"19.02.2026"
"aisi 201 аналог";134;31;26;3;0;869000;3;0;0;"16.02.2026"
"30х13 гост";502;31;26;2;0;2000000;0;0;0;"15.02.2026"
"сталь 40х13 купить";194;31;13;3;2;20000;20;0;0;"13.04.2026"
"круг нержавеющий купить";384;31;11;3;0;17000;89;0;0;"07.05.2026"
"купить нержавеющий круг";384;31;2;3;1;18000;89;0;0;"17.05.2026"
"труба нержавеющая aisi 304 купить";179;31;30;5;2;19000;111;0;0;"04.05.2026"
"купить круг нержавеющий";384;31;17;3;1;21000;89;0;0;"17.05.2026"
"лист нержавеющий зеркальный";525;31;15;3;0;19000;26;0;0;"19.05.2026"
"aisi 321 лист";402;30;1;3;0;1000000;45;0;0;"18.03.2026"
"декоративный нержавеющий лист";197;29;3;3;0;11000000;31;0;0;"22.02.2026"
"08х18н10 труба";1144;28;9;2;1;16000;48;0;0;"11.04.2026"
"отводы нержавеющие 12х18н10т";498;28;28;3;6;24000000;120;0;0;"21.04.2026"
"aisi 430 лист";1532;28;1;3;1;16000;21;0;0;"09.04.2026"
"лист нержавеющий матовый";423;28;21;3;0;18000;38;0;0;"20.05.2026"
"нержавеющий лист aisi 304";1582;27;6;4;5;10000000;57;0;0;"06.05.2026"
"сталь aisi 316l";1562;27;23;3;1;10000;10;0;0;"10.04.2026"
"нержавеющий лист цена";837;27;15;3;3;14000000;25;0;0;"01.05.2026"
"12х18н10т купить";3536;27;23;2;4;15000;57;0;0;"07.05.2026"
"купить фланцы нержавеющие";509;27;5;3;7;19000;116;0;0;"18.05.2026"
"расшифровка aisi 304";174;27;1;3;1;124000;3;0;0;"20.05.2026"
"лист нержавейки 1мм";487;27;27;3;4;0;44;0;0;"02.04.2026"
"нержавеющая труба 12х18н10т";2342;26;5;3;0;24000000;75;0;0;"20.02.2026"
"aisi 420 аналог";221;26;21;3;0;9000;2;0;0;"02.04.2026"
"лист нержавеющий aisi 304";1531;26;16;4;1;14000;54;0;0;"01.04.2026"
"труба профильная нержавеющая купить";289;26;21;4;1;24000;39;0;0;"01.05.2026"
"труба нержавеющая 20х2";86;26;25;3;2;24000000;15;0;0;"21.03.2026"
"лист нержавейки гост";282;26;26;3;1;272000;10;0;0;"30.04.2026"
"20х23н18 аналог";264;26;22;2;3;5000;9;0;0;"26.03.2026"
"нержавеющие перила";6310;25;15;2;1;14000;49;0;0;"21.02.2026"
"нержавеющий металлопрокат купить";112;25;15;3;1;14000000;73;0;0;"25.02.2026"
"aisi 430 состав";81;25;21;3;1;5000;1;0;0;"04.04.2026"
"нержавейка декоративная";961;25;6;2;1;19000;40;0;0;"18.05.2026"
"труба профильная нержавеющая гост";100;25;17;4;3;10000000;12;0;0;"29.04.2026"
"лист нержавеющий 1 мм";666;24;18;4;1;18000;41;0;0;"08.05.2026"
"отводы нержавеющие купить";479;24;7;3;6;20000;107;0;0;"04.04.2026"
"нержавейка круг";2957;24;8;2;1;11000;30;0;0;"09.04.2026"
"купить болты нержавеющие";804;24;2;3;2;15000000;49;0;0;"19.03.2026"
"швеллер нержавеющий купить";66;23;22;3;0;1000000;45;0;0;"23.02.2026"
"20х13 круг";538;23;4;2;1;15000;73;0;0;"03.05.2026"
"12х18н10т цена";2560;23;16;2;0;16000;29;0;0;"03.05.2026"
"труба профильная нержавеющая 20х20";76;23;23;4;8;19000000;39;0;0;"01.05.2026"
"нержавеющие отводы купить";475;23;9;3;5;12000000;121;0;0;"26.03.2026"
"aisi 316l круг";161;23;3;3;1;1000000;60;0;0;"11.02.2026"
"30х13 аналог";96;23;19;2;0;8000;2;0;0;"29.04.2026"
"aisi 316 состав";129;22;17;3;1;483000;4;0;0;"19.02.2026"
"электроды для нержавейки купить";365;22;11;4;3;1000000;9;0;0;"10.03.2026"
"нержавеющие подшипники";1270;22;13;2;2;25000;40;0;0;"04.04.2026"
"труба нержавеющая купить в воронеже";56;22;14;5;1;13000000;73;1;0;"03.04.2026"
"06хн28мдт труба";199;22;4;2;3;11000;35;0;0;"07.04.2026"
"нержавейка 20х13";239;22;15;2;0;19000000;16;0;0;"07.05.2026"
"резка нержавейки лазером";231;22;21;3;0;985000;115;0;0;"17.05.2026"
"лист нержавеющий aisi 430";602;22;20;4;0;0;52;0;0;"14.02.2026"
"20х23н18 гост";268;22;19;2;1;2000000;5;0;0;"12.02.2026"
"жаростойкая нержавейка";210;21;15;2;1;5000000;17;0;0;"17.05.2026"
"aisi 316 характеристики";175;21;21;3;1;6000;0;0;0;"03.05.2026"
"40х13 купить";514;21;18;2;0;21000000;32;0;0;"28.04.2026"
"нержавейка 2 мм лист";2174;20;0;4;4;3000000;21;0;0;"18.02.2026"
"06хн28мдт аналог";166;20;18;2;0;3000000;32;0;0;"23.02.2026"
"сталь 12х18н10т купить";452;20;11;3;1;4000000;94;0;0;"18.02.2026"
"калькулятор веса нержавейки";229;20;20;3;2;328000;4;0;0;"08.03.2026"
"сталь дуплекс";178;20;4;2;0;9000;11;0;0;"01.04.2026"
"лист нержавеющий 2 мм";644;20;12;4;1;25000000;42;0;0;"19.02.2026"
"труба прямоугольная нержавеющая";321;20;8;3;2;18000;20;0;0;"10.04.2026"
"круг нержавеющий aisi 304";161;19;18;4;1;11000000;68;0;0;"17.02.2026"
"лист нержавеющий купить в челябинске";29;19;19;5;1;14000000;30;1;0;"15.02.2026"
"aisi 321 состав";151;19;18;3;0;386000;1;0;0;"17.05.2026"
"aisi 316 гост";271;19;18;3;2;937000;3;0;0;"02.05.2026"
"подшипники нержавеющие";1242;19;5;2;5;18000;43;0;0;"06.05.2026"
"уголок нержавеющий купить";610;19;6;3;0;23000;47;0;0;"09.04.2026"
"труба нержавеющая 12х18н10т купить";168;18;18;4;2;24000000;121;0;0;"11.04.2026"
"нержавейка швеллер";409;18;1;2;0;0;14;0;0;"16.02.2026"
"электроды нержавеющие";2532;18;9;2;0;10000;1;0;0;"20.05.2026"
"рулон нержавеющий";888;18;18;2;0;14000;60;0;0;"08.04.2026"
"лента из нержавейки";432;17;17;3;1;5000000;48;1;0;"19.02.2026"
"20х23н18 круг";213;17;6;2;0;23000000;70;0;0;"22.02.2026"
"06хн28мдт круг";146;17;4;2;3;3000000;92;0;0;"17.02.2026"
"кислотостойкая нержавейка";90;17;12;2;1;12000;7;0;0;"11.04.2026"
"сталь aisi 410";181;17;15;3;2;12000;1;0;0;"30.04.2026"
"20х23н18 характеристики";196;17;17;2;1;2000;1;0;0;"20.05.2026"
"винты нержавеющие";4880;17;5;2;8;11000;12;0;0;"08.05.2026"
"aisi 440";92;17;17;2;1;8000;0;0;0;"11.04.2026"
"aisi 321 купить";374;17;15;3;2;17000;42;0;0;"05.04.2026"
"лист нержавейки 4мм";248;17;17;3;2;20000;17;0;0;"04.05.2026"
"труба нержавеющая купить челябинск";92;17;16;4;4;12000000;53;1;0;"21.04.2026"
"нержавейка aisi 201";240;17;17;3;1;728000;13;0;0;"01.05.2026"
"12х13 гост";185;16;15;2;1;0;0;0;0;"17.02.2026"
"труба нержавеющая купить в перми";57;16;16;5;2;0;30;1;0;"13.04.2026"
"aisi 310s аналог";215;16;13;3;0;1000000;5;0;0;"20.02.2026"
"труба нержавеющая 12х18н10т";2156;16;13;3;2;21000;59;0;0;"15.04.2026"
"труба нержавеющая купить в москве";124;16;15;5;0;8000;81;1;0;"08.05.2026"
"фланцы нержавеющие купить";420;16;12;3;1;20000;97;0;0;"17.05.2026"
"труба нержавеющая купить в красноярске";55;16;16;5;0;11000;100;1;0;"02.05.2026"
"aisi 304 это какая сталь";34;16;12;5;1;6000;0;0;1;"13.04.2026"
"полоса нержавеющая купить";360;16;11;3;2;19000;42;0;0;"05.05.2026"
"08х18н10 характеристики";119;16;15;2;1;5000;0;0;0;"15.04.2026"
"aisi 316l труба";783;15;1;3;3;1000000;46;0;0;"10.03.2026"
"труба нержавейки";64230;15;15;2;5;13000;2;0;0;"30.04.2026"
"20х23н18 купить";204;15;15;2;0;20000;59;0;0;"01.05.2026"
"aisi 310s характеристики";73;15;15;3;0;811000;1;0;0;"18.02.2026"
"лист нержавейки 2мм";1041;15;15;3;6;15000;28;0;0;"27.04.2026"
"сталь 08х17";85;15;14;2;3;4000;3;0;0;"05.05.2026"
"aisi 316 лист";386;15;6;3;1;15000;22;0;0;"17.05.2026"
"штрипс нержавеющий";139;15;13;2;2;11000;114;0;0;"01.05.2026"
"aisi 321 гост";336;15;15;3;2;839000;8;0;0;"02.05.2026"
"aisi 316 купить";877;15;15;3;1;20000;17;0;0;"17.05.2026"
"aisi 316l состав";96;15;12;3;0;9000;1;0;0;"05.04.2026"
"нержавейка 40х13";171;15;10;2;1;18000000;12;0;0;"01.05.2026"
"06хн28мдт гост";250;15;15;2;1;3000000;24;0;0;"04.05.2026"
"купить электроды для нержавейки";361;14;4;4;6;14000000;12;0;0;"19.02.2026"
"нержавейка для морской воды";34;14;14;4;0;8000000;2;0;0;"16.03.2026"
"пруток нержавеющий купить";529;14;10;3;2;23000;43;0;0;"01.04.2026"
"труба нержавеющая купить в новосибирске";87;14;14;5;2;15000000;45;1;0;"03.03.2026"
"болты нержавеющие купить";811;14;8;3;1;15000;55;0;0;"20.05.2026"
"лист нержавеющий купить в екатеринбурге";74;14;13;5;2;9000;52;1;0;"21.04.2026"
"пруток нержавеющий 12мм";35;14;14;3;2;19000;22;0;0;"06.05.2026"
"40х13 характеристики";907;14;14;2;0;5000;1;0;0;"20.05.2026"
"aisi 304l аналог";109;13;13;3;0;1000000;6;0;0;"14.02.2026"
"aisi 316l купить";317;13;10;3;1;2000000;47;0;0;"14.02.2026"
"aisi 316ti аналог";123;13;11;3;0;9000;1;0;0;"13.04.2026"
"нержавейка для пищевой промышленности";78;13;13;4;3;1000000;7;0;0;"22.03.2026"
"лист нержавейки 3мм";499;13;13;3;1;23000;24;0;0;"01.05.2026"
"aisi 904l характеристики";14;13;13;3;1;8000;2;0;0;"14.04.2026"
"круг нержавеющий 12х18н10т";285;13;10;3;1;25000000;45;0;0;"10.02.2026"
"08х18н10 состав";102;13;11;2;1;3000000;1;0;0;"17.05.2026"
"гибка нержавейки";2372;13;13;2;14;1000000;102;0;0;"08.05.2026"
"20х13 купить";423;13;12;2;1;22000000;46;0;0;"07.05.2026"
"лист нержавейки 5мм";302;13;13;3;1;23000000;8;0;0;"15.02.2026"
"проволока нержавеющая 12х18н10т";356;13;13;3;0;3000000;30;0;0;"02.02.2026"
"шайбы нержавеющие";3509;12;10;2;1;813000;16;0;0;"01.02.2026"
"лист нержавеющий купить в москве";48;12;9;5;1;17000000;169;1;0;"21.02.2026"
"aisi 321 или 304";110;12;6;4;0;135000;1;0;0;"11.02.2026"
"нержавейка в рулонах";159;12;12;3;9;20000;11;1;0;"08.05.2026"
"нержавеющая труба цена";1496;12;7;3;3;18000;18;0;0;"10.04.2026"
"резка нержавейки";1720;12;12;2;8;1000000;115;0;0;"07.05.2026"
"12х13 аналог";54;12;10;2;1;2000000;2;0;0;"24.02.2026"
"нержавейка цена за тонну";110;12;11;4;0;18000;14;0;0;"07.05.2026"
"сталь 03х17н14м2";84;12;12;2;1;10000;2;0;0;"04.04.2026"
"нержавейка оптом";488;12;12;2;0;20000;72;0;0;"20.05.2026"
"40х13 применение";50;11;11;2;0;2000000;0;0;0;"18.02.2026"
"переходы нержавеющие";2341;11;8;2;3;26000;78;0;0;"11.04.2026"
"отводы нержавеющие гост";573;11;8;3;3;888000;18;0;0;"17.02.2026"
"полоса нержавеющая гост";76;11;8;3;1;928000;7;0;0;"13.02.2026"
"труба прямоугольная нержавеющая гост";37;11;7;4;2;12000;7;0;0;"17.05.2026"
"aisi 904l аналог";130;11;7;3;1;0;2;0;0;"02.05.2026"
"40х13 состав";100;10;9;2;0;3000000;0;0;0;"14.02.2026"
"проволока нержавеющая гост";322;10;8;3;0;785000;15;0;0;"12.04.2026"
"нержавейка aisi 316";380;10;9;3;2;7000000;14;0;0;"07.05.2026"
"нержавейка фольга";210;10;5;2;0;6000;9;0;0;"20.05.2026"
"20х13 состав";125;10;10;2;4;0;1;0;0;"30.03.2026"
"уголок нержавеющий гост";136;10;6;3;1;795000;6;0;0;"11.03.2026"
"сталь aisi 316ti";184;10;9;3;3;8000;3;0;0;"15.04.2026"
"круг стальной нержавеющий";77;10;10;3;0;17000;34;0;0;"17.05.2026"
"06хн28мдт купить";132;10;10;2;4;0;83;0;0;"16.02.2026"
"труба нержавеющая купить в краснодаре";79;10;9;5;2;10000;37;1;0;"01.05.2026"
"шестигранник нержавеющий купить";110;10;2;3;0;21000;49;0;0;"23.04.2026"
"20х23н18 труба";249;9;3;2;1;335000;25;0;0;"18.02.2026"
"швеллер нержавеющий гост";49;9;7;3;0;768000;3;0;0;"14.02.2026"
"08х18н10 круг";215;9;1;2;0;18000;14;0;0;"18.05.2026"
"сталь aisi 904l";131;9;9;3;1;1000000;12;0;0;"05.05.2026"
"сталь aisi 310s";198;9;9;3;3;0;6;0;0;"01.04.2026"
"пруток нержавеющий гост";81;9;9;3;0;786000;3;0;0;"03.05.2026"
"полоса нержавейки";1639;9;9;2;3;6000000;9;0;0;"08.05.2026"
"супердуплекс";114;9;9;1;0;10000000;3;0;0;"11.04.2026"
"сталь 12х18н10т цена";331;9;9;3;3;20000;24;0;0;"21.04.2026"
"aisi 420 купить";78;9;9;3;0;21000;20;0;0;"17.05.2026"
"сталь 40х13 цена";35;9;9;3;4;18000;5;0;0;"03.05.2026"
"труба нержавеющая волгоград";85;9;0;3;1;9000;27;1;0;"03.05.2026"
"круг из нержавейки";252;8;8;3;5;835000;9;1;0;"02.02.2026"
"болты нержавеющие гост";205;8;5;3;1;59000;4;0;0;"15.02.2026"
"нержавейка морская";177;8;2;2;1;7000000;3;0;0;"15.02.2026"
"подшипник из нержавейки";167;8;8;3;2;6000000;10;1;0;"03.05.2026"
"aisi 410 аналог";62;8;7;3;1;9000;1;0;0;"02.05.2026"
"труба нержавеющая aisi 321 купить";43;8;8;5;1;23000;52;0;0;"03.05.2026"
"нержавеющая сталь цена за кг";441;8;8;5;0;15000;3;0;0;"21.04.2026"
"тройники нержавеющие";2961;8;5;2;1;876000;41;0;0;"13.02.2026"
"рулонная нержавеющая сталь";195;8;8;3;1;17000;21;0;0;"01.04.2026"
"лист нержавеющий 3 мм";448;8;4;4;0;18000;19;0;0;"27.04.2026"
"нержавейка стоимость";2592;8;8;2;1;24000;8;0;0;"04.05.2026"
"квадрат из нержавейки";222;8;8;3;1;16000;3;1;0;"14.04.2026"
"пруток нержавеющий 16мм";20;8;8;3;1;2000000;6;0;0;"02.02.2026"
"сталь 20х13 купить";110;8;3;3;0;26000000;24;0;0;"21.02.2026"
"06хн28мдт цена";47;8;8;2;5;15000;78;0;0;"01.05.2026"
"aisi 316l гост";93;8;6;3;1;1000000;2;0;0;"18.05.2026"
"20х13 цена";163;8;7;2;0;22000000;5;0;0;"09.02.2026"
"лист нержавейки стоимость";227;7;4;3;3;9000000;7;0;0;"02.02.2026"
"сталь aisi 440";28;7;7;3;0;10000;0;0;0;"17.05.2026"
"труба нержавеющая купить в нижнем новгороде";63;7;7;6;3;864000;35;1;0;"02.02.2026"
"труба нержавеющая цена";1361;7;2;3;0;18000;12;0;0;"18.05.2026"
"aisi 310s купить";109;7;7;3;0;19000;8;0;0;"07.05.2026"
"30х13 купить";128;7;6;2;1;9000;4;0;0;"04.05.2026"
"aisi 321 цена";133;7;7;3;0;12000000;13;0;0;"08.05.2026"
"нержавейка 20х23н18";20;7;7;2;1;19000000;2;0;0;"11.04.2026"
"труба нержавеющая купить воронеж";108;7;6;4;5;8000;11;1;0;"28.04.2026"
"лист нержавеющий 10 мм";87;7;7;4;0;17000;8;0;0;"28.04.2026"
"труба нержавеющая екатеринбург";297;7;2;3;1;7000;19;1;0;"02.05.2026"
"труба нержавеющая 57х3";73;7;7;3;1;22000000;8;0;0;"20.03.2026"
"лист нержавейки 6мм";84;6;6;3;0;3000000;17;0;0;"14.02.2026"
"медицинская нержавейка";663;6;6;2;1;20000;1;0;0;"03.05.2026"
"aisi 430 гост";80;6;6;3;1;31000;0;0;0;"08.04.2026"
"aisi 201 гост";72;6;6;3;0;948000;0;0;0;"18.05.2026"
"марки нержавейки таблица";22;6;6;3;1;449000;1;0;0;"09.04.2026"
"купить ограждения из нержавейки";150;6;1;4;5;14000000;15;1;0;"08.05.2026"
"ограждения из нержавейки купить";148;6;5;4;1;11000;15;1;0;"23.04.2026"
"лента нержавеющая гост";193;6;4;3;0;163000;5;0;0;"11.02.2026"
"резка нержавейки лазером цена";16;6;6;4;1;2000000;79;0;0;"08.05.2026"
"уголок нержавейки";4275;6;6;2;0;7000000;5;0;0;"20.05.2026"
"заглушки нержавеющие";2343;6;5;2;0;18000;4;0;0;"23.04.2026"
"aisi 316 цена";241;6;6;3;0;15000;13;0;0;"17.05.2026"
"пруток нержавеющий 20мм";16;5;5;3;2;23000;5;0;0;"12.04.2026"
"12х18н10т применение";155;5;5;2;1;3000000;1;0;0;"14.02.2026"
"03х17н14м2 гост";43;5;5;2;0;4000000;0;0;0;"15.02.2026"
"классификация нержавейки";56;5;5;2;0;42000;2;0;0;"07.05.2026"
"сталь aisi 304 купить";735;5;3;4;5;0;8;0;0;"01.04.2026"
"06хн28мдт состав";47;5;5;2;0;7000;0;0;0;"17.05.2026"
"aisi 420 состав";30;5;5;3;2;0;0;0;0;"07.05.2026"
"сталь супердуплекс";27;5;4;2;0;12000;1;0;0;"17.05.2026"
"aisi 430 цена";182;5;5;3;10;13000;5;0;0;"08.05.2026"
"нержавеющий листовой прокат";236;5;0;3;9;21000;19;0;0;"02.04.2026"
"лист нержавеющий 4 мм";234;5;5;4;0;22000;15;0;0;"13.04.2026"
"лист нержавеющий горячекатаный";216;5;4;3;2;10000;13;0;0;"21.04.2026"
"лист нержавеющий купить в перми";25;5;5;5;1;10000;25;1;0;"17.05.2026"
"магнитные свойства нержавейки";36;4;4;3;0;70000;1;0;0;"22.02.2026"
"труба нержавеющая купить в челябинске";32;4;4;5;0;14000000;24;1;0;"01.05.2026"
"шестигранник нержавеющий гост";49;4;4;3;0;977000;7;0;0;"20.05.2026"
"нержавеющая сталь цена за тонну";56;4;4;5;1;2000000;6;0;0;"22.03.2026"
"сталь aisi 304l";269;4;3;3;0;10000;0;0;0;"17.05.2026"
"сталь 20х13 цена";51;4;4;3;4;13000;6;0;0;"10.04.2026"
"лист нержавеющий 5 мм";496;4;1;4;0;19000;7;0;0;"08.04.2026"
"aisi 430 применение";246;4;4;3;1;5000;0;0;0;"28.04.2026"
"нержавейка для котлов";1260;4;4;3;1;14000;2;0;0;"28.04.2026"
"06хн28мдт лист";63;3;3;2;1;17000000;13;0;0;"23.02.2026"
"предел прочности нержавейки";35;3;3;3;1;0;0;0;0;"18.02.2026"
"нержавейка для сварки";6549;3;3;3;0;963000;2;0;0;"22.02.2026"
"труба нержавеющая 38х2";23;3;3;3;0;21000000;8;0;0;"09.02.2026"
"труба нержавеющая 25х2";68;3;3;3;2;17000;3;0;0;"04.05.2026"
"aisi 310s цена";9;3;3;3;1;15000000;1;0;0;"08.05.2026"
"aisi 201 лист";124;3;0;3;0;14000;9;0;0;"18.05.2026"
"труба нержавеющая купить нижний новгород";96;3;2;5;12;8000;6;1;0;"08.05.2026"
"aisi 201 применение";163;3;3;3;1;7000;0;0;0;"06.05.2026"
"20х13 характеристики";285;3;3;2;1;3000000;0;0;0;"20.03.2026"
"aisi 410 характеристики";38;2;2;3;0;362000;0;0;0;"18.02.2026"
"aisi 201 купить";106;2;2;3;1;15000000;3;0;0;"18.02.2026"
"труба нержавеющая aisi 321";130;2;2;4;0;985000;6;0;0;"14.02.2026"
"шпильки нержавеющие";2743;2;1;2;3;836000;3;0;0;"14.02.2026"
"aisi 201 состав";52;2;1;3;0;7000;0;0;0;"28.04.2026"
"труба нержавеющая 32х2";24;2;2;3;3;11000;3;0;0;"07.04.2026"
"дуплекс цена";760;2;2;2;0;1000000;0;0;0;"20.05.2026"
"40х13 цена";118;2;2;2;2;20000;10;0;0;"09.04.2026"
"сталь 30х13 купить";31;2;2;3;2;19000;12;0;0;"21.04.2026"
"ограждения из нержавейки цена";56;2;1;4;0;13000000;15;1;0;"17.05.2026"
"фланцы нержавеющие гост";450;2;2;3;0;855000;11;0;0;"01.05.2026"
"лист нержавеющий купить в нижнем новгороде";8;2;2;6;0;932000;26;1;0;"09.02.2026"
"20х23н18 цена";87;2;2;2;0;17000;3;0;0;"12.02.2026"
"06хн28мдт характеристики";28;2;2;2;3;5000;0;0;0;"13.04.2026"
"aisi 304 применение";267;2;2;3;2;5000;1;0;0;"21.04.2026"
"пруток нержавеющий 6мм";66;2;2;3;2;2000000;4;0;0;"08.05.2026"
"фольга нержавеющая купить";38;2;2;3;2;22000;1;0;0;"07.04.2026"
"проволока нержавеющая aisi 321";42;2;0;4;0;14000;6;0;0;"20.05.2026"
"лист нержавеющий 12х18н10т купить";30;2;0;4;0;17000;33;0;0;"30.04.2026"
"поставка нержавеющего металлопроката";74;2;2;3;1;936000;15;0;0;"27.04.2026"
"aisi 904l купить";36;1;1;3;2;17000;16;0;0;"07.05.2026"
"сталь aisi 304 цена";286;1;1;4;1;16000000;2;0;0;"15.02.2026"
"08х18н10 цена";196;1;1;2;4;27000000;1;0;0;"07.05.2026"
"труба нержавейки купить";13710;1;0;3;0;15000000;1;0;0;"30.04.2026"
"нержавейка aisi 310s";34;1;1;3;0;16000;5;0;0;"23.04.2026"
"лист нержавеющий aisi 201";43;1;1;4;2;12000;16;0;0;"01.05.2026"
"aisi 309s";35;1;1;2;1;8000;8;0;0;"07.05.2026"
"рулон нержавейки";334;0;0;2;2;15000;0;0;0;"07.05.2026"
"лист нержавеющий 20х13";15;0;0;3;1;19000;0;0;0;"18.05.2026"
"труба нержавеющая спб";493;0;0;3;5;6000000;14;0;0;"28.04.2026"
"круг нержавеющий 80 мм";97;0;0;4;1;21000;4;0;0;"08.05.2026"
