Приоритет;№ у клиента;Направление;Сейчас на сайте;Что сделать (страница);Главный запрос — объём;Спрос группы;Все запросы и объёмы (Ahrefs RU, Google, мес.);Комментарий
P1;29;Лазерная резка;Частично — /uslugi/perforaciya-listov/;Новая страница /uslugi/lazernaya-rezka/;лазерная резка металла — 1000;2690;лазерная резка металла 1000, лазерная резка 600, лазерная резка нержавейки 500, лазерная резка нержавеющей стали 300, резка нержавейки лазером 200 (Wordstat точн. 22), лазерная резка металла нижний новгород 50, лазерная резка нижний новгород 40;Старые /laser/ и /lasertrub/ перенаправить сюда
P1;10;Анодирование алюминия (бцв, ч, нхр, нв);Нет;Новая /uslugi/galvanicheskie-pokrytiya/anodirovanie/;анодирование — 900;1680;анодирование 900, анодирование алюминия 600, анодное оксидирование 80, анодирование алюминия цена 70, цветное анодирование алюминия 30;Сюда разделами № 11, 13, 14, 15
P1;1;Цинкование (бцв, хр, чёрное — П.бцв, П.хр, П.ч);Нет;Новая /uslugi/galvanicheskie-pokrytiya/cinkovanie/;цинкование — 400;1010;цинкование 400, цинкование металла 300, гальваническое цинкование 150, цинкование деталей 50, черное цинкование 30, цинкование с хроматированием 20, оцинковка деталей 20, цинкование цена 20, желтое цинкование 10, цинкование крепежа 10;Развести с горячим цинкованием
P1;25;Пассивация;Нет (упоминание в блоге);Новая /uslugi/travlenie-i-passivaciya/ (вместе с № 8);пассивация — 300;680;пассивация 300, пассивация металла 150, пассивация нержавейки 150, пассивация нержавеющей стали 80;Вместе с № 8 спрос 900. Профильно для нержавейки
P1;8;Хим. пас (травление нержавейки);Нет;Та же страница, что № 25;травление металла — 150;220;травление металла 150, травление нержавеющей стали 40, травление нержавейки 30, травление сварных швов 0;
P1;30;Гидроабразивная резка;Частично — /uslugi/perforaciya-listov/;Новая /uslugi/gidroabrazivnaya-rezka/;гидроабразивная резка — 350;870;гидроабразивная резка 350, гидроабразивная резка металла 300, гидрорезка 200, гидроабразивная резка нижний новгород 20;Старый /gidroabraziv/ перенаправить сюда
P1;—;Хаб «Гальванические покрытия»;Нет;Новая /uslugi/galvanicheskie-pokrytiya/;гальванические покрытия — 150;380;гальваника 2500 (общий запрос), гальванические покрытия 150, гальваническое покрытие металла 90, нанесение гальванических покрытий 80, услуги гальваники 40, гальваника на заказ 20;Общая страница со ссылками на все покрытия
P1;18;Хромирование твёрдое;Нет;Новая /uslugi/galvanicheskie-pokrytiya/hromirovanie/;хромирование деталей — 250;600;хромирование 250, хромирование деталей 250, гальваническое хромирование 80, твердое хромирование 20, хромирование штоков 0;«хромирование штоков» проверить в Wordstat
P1;4;Гальваническое никелирование (блестящее);Нет;Новая /uslugi/galvanicheskie-pokrytiya/nikelirovanie/;никелирование — 350;510;никелирование 350, гальваническое никелирование 60, никелирование металла 50, никелирование деталей 50;Сюда разделом № 5
P1;6;Электрохимическое полирование (нерж.);Частично — /uslugi/polirovka/;Новая /uslugi/elektrohimicheskaya-polirovka/;электрополировка — 90;240;электрополировка 90, электрохимическая полировка 80, электрохимическая полировка нержавейки 30, электрополировка нержавеющей стали 30, электрополировка нержавейки 10;Спрос средний, но профильно для нержавейки. Сюда разделом № 7
P2;9;Хим. оксидирование стали с промасливанием;Нет;Новая /uslugi/galvanicheskie-pokrytiya/oksidirovanie-stali/;воронение металла — 350;900;воронение металла 350, оксидирование 250, оксидирование стали 150, химическое оксидирование 100, химическое оксидирование стали 50;Много бытовых запросов про воронение
P2;23;Хим. фосфатирование с оксидированием;Нет;Новая /uslugi/galvanicheskie-pokrytiya/fosfatirovanie/;фосфатирование — 300;490;фосфатирование 300, фосфатирование металла 150, химическое фосфатирование 40;
P2;12;Анодирование титана (аноцвет);Нет;Новая /uslugi/galvanicheskie-pokrytiya/anodirovanie-titana/;анодирование титана — 400;400;анодирование титана 400;
P2;19;Серебрение;Нет;Новая /uslugi/galvanicheskie-pokrytiya/serebrenie/;серебрение — 150;350;серебрение 150, гальваническое серебрение 150, серебрение металла 50;
P2;27;Шлифовка продольная;Возможно — /uslugi/shlifovanie/;Уточнить у клиента: станочная или шлифовка листа;шлифовка металла — 250;300;шлифовка металла 250, шлифовка нержавейки 70 (Wordstat точн. 65), плоская шлифовка 30, плоское шлифование 20;Если шлифовка листа — страница уже есть
P2;16;Оловянирование;Нет;Новая /uslugi/galvanicheskie-pokrytiya/olovyanirovanie/;лужение — 200;290;лужение 200, оловянирование 40, лужение меди 40, гальваническое лужение 10;Сюда разделом № 17
P2;3;Меднение;Нет;Новая /uslugi/galvanicheskie-pokrytiya/mednenie/;меднение — 100;270;меднение 100, меднение металла 70, гальваническое меднение 60, меднение алюминия 40;
P2;20;Золочение;Нет;Новая /uslugi/galvanicheskie-pokrytiya/zolochenie/;гальваническое золочение — 150;250;гальваническое золочение 150, золочение 100;
P2;2;Кадмирование (бцв, хр);Нет;Новая /uslugi/galvanicheskie-pokrytiya/kadmirovanie/;кадмирование — 200;230;кадмирование 200, кадмирование деталей 30;Сюда № 21, 22, 24
P3;15;Хим. оксидирование алюминия (электропроводное);Нет;Раздел на странице № 10;хроматирование — 80;130;хроматирование 80, химическое оксидирование алюминия 40, хроматирование алюминия 10;
P3;28;Шлифовка круглая;Нет;Новая /uslugi/kruglaya-shlifovka/;круглая шлифовка — 60;120;круглая шлифовка 60, круглое шлифование 40, круглошлифовальные работы 20;
P3;5;Химическое никелирование;Нет;Раздел на странице № 4;химическое никелирование — 100;100;химическое никелирование 100;
P3;17;Олово-висмут (матовое);Нет;Раздел на странице № 16;покрытие олово-висмут — 40;80;покрытие олово-висмут 40, олово висмут покрытие 40;
P3;11;Твёрдое анодирование 20–40 и 40–60 мкм;Нет;Раздел на странице № 10;твердое анодирование алюминия — 40;60;твердое анодирование алюминия 40, твердое анодирование 20;
P3;13;Эматалирование;Нет;Раздел на странице № 10;эматалирование — 10;10;эматалирование 10;
P3;14;Анодирование хромовое;Нет;Раздел на странице № 10;нет данных;0;—;
P3;7;Электроплазменная полировка;Нет;Раздел на странице № 6;нет данных;0;электроплазменная полировка 0, плазменная полировка 0;Проверить в Wordstat
P3;22;Кадмирование фосфатированное;Нет;Раздел на странице № 2;нет данных;0;кадмирование с фосфатированием 0;
P3;24;Кадмирование фосфатированное с оксидированием;Нет;Раздел на странице № 2;нет данных;0;—;
P3;26;Свинцевание;Нет;Строка на хабе гальваники;нет данных;0;свинцевание 0;
P3;21;Кадмирование (повтор № 2);—;Страница № 2;—;—;—;В списке клиента дублирует № 2
